{
    "devices": {
        "cameras": [
            "24211773",
            "23473307"
        ],
        "dynamixel_port": "COM17",
        "theia_port": "COM5",
        "last_detected": null,
        "theia_state": {
            "zoom_position": 22080,
            "focus_position": 6768,
            "is_homed": true,
            "iris_position": 0
        }
    },
    "calibration": {
        "pan_origin": [
            922.3122427683124,
            -1114.9848553629258,
            916.2605561080306
        ],
        "tilt_origin": [
            883.8169340326178,
            -1065.7765001402126,
            922.1771841564108
        ],
        "rotation_matrix": [
            [
                -0.6246297690512289,
                -0.7809200687720763,
                0.0012238480394845205
            ],
            [
                0.7804143876912908,
                -0.6241673167339835,
                0.03699384010246406
            ],
            [
                0.028125346210064243,
                -0.02406256241788171,
                -0.9993147442074741
            ]
        ],
        "timestamp": "2024-12-05T13:00:02.363090",
        "is_calibrated": true
    },
    "tracking": {
        "use_kalman": true
    }
}